,verse
0,"“Lord Shri Krishna continued: Fearlessness, clean living, unceasing concentration on wisdom, readiness to give, self-control, a spirit of sacrifice, regular study of the scriptures, austerities, candour, "
1," harmlessness, truth, absence of wrath, renunciation, contentment, straightforwardness, compassion towards all, uncovetousness, courtesy, modesty, constancy, "
2," Valour, forgiveness, fortitude, purity, freedom from hate and vanity; these are his who possesses the Godly Qualities, O Arjuna! "
3," Hypocrisy, pride, insolence, cruelty, ignorance belong to him who is born of the godless qualities. "
4," Godly qualities lead to liberation; godless to bondage. Do not be anxious, Prince! You have the Godly qualities. "
5, All beings are of two classes: Godly and godless. The Godly I have described; I will now describe the other. 
6, The godless do not know how to act or how to renounce. They have neither purity nor truth. They do not understand the right principles of conduct. 
7," They say the universe is an accident with no purpose and no God. Life is created by sexual union, a product of lust and nothing else. "
8," Thinking thus, these degraded souls, these enemies of mankind – whose intelligence is negligible and whose deeds are monstrous – come into the world only to destroy. "
9," Giving themselves up to insatiable passions, hypocritical, self-sufficient and arrogant, cherishing false conception founded on delusion, they work only to carry out their own unholy purposes. "
10," Poring anxiously over evil resolutions, which only end in death; seeking only the gratification of desire as the highest goal; seeing nothing beyond; "
11," Caught in the toils of a hundred vain hopes, the slaves of passion and wrath, they accumulate hoards of unjust wealth, only to pander to their sensual desire. "
12," This I have gained today; tomorrow I will gratify another desire; this wealth is mine now, the rest shall be mine before long; "
13," I have slain one enemy, I will slay the others also; I am worthy to enjoy, I am the Almighty, I am perfect, powerful and happy; "
14," I am rich, I am well-bred; who is there to compare with me? I will sacrifice, I will give, I will pay – and I will enjoy. Thus blinded by Ignorance, "
15," Perplexed by discordant thoughts, entangled in the snares of desire, infatuated by passion, they sink into the horrors of hell. "
16," Self-conceited, stubborn, rich, proud and insolent, they make a display of their patronage, disregarding the rules of decency. "
17," Puffed up by power and inordinate conceit, swayed by lust and wrath, these wicked people hate Me Who am within them, as I am within all. "
18," Those who thus hate Me, who are cruel, the dregs of mankind, I condemn them to a continuous, miserable and godless rebirth. "
19," So reborn, they spend life after life, enveloped in delusion. And they never reach Me, O Prince, but degenerate into still lower forms of life. "
20," The gates of hell are three: lust, wrath and avarice. They destroy the Self. Avoid them. "
21," These are the gates which lead to darkness; if a man avoid them he will ensure his own welfare, and in the end will attain his liberation. "
22," But he who neglects the commands of the scriptures, and follows the promptings of passion, he does not attain perfection, happiness or the final goal. "
23," Therefore whenever there is doubt whether you should do a thing or not, let the scriptures guide your conduct. In the light of the scriptures should you labour the whole of your life.” "
